Player,Pos'n,MLS,2019 
"Strasburg, Stephen",rhp-s,8.118,"$38,333,333 "
"Scherzer, Max",rhp-s,10.079,"$37,405,562 "
"Greinke, Zack",rhp-s,14.057,"$34,500,000 "
"Kershaw, Clayton",lhp-s,10.105,"$31,000,000 "
"Price, David",lhp-s,9.164,"$31,000,000 "
"Cabrera, Miguel",1b,15.101,"$30,000,000 "
"Cespedes, Yoenis",lf,7.000,"$29,000,000 "
"Pujols, Albert",dh-1b,18.000,"$28,000,000 "
"Verlander, Justin",rhp-s,13.002,"$28,000,000 "
"Hernandez, Felix",rhp-s,13.060,"$27,857,142 "
"Lester, Jon",lhp-s,12.075,"$27,500,000 "
"Arenado, Nolan",3b,5.155,"$26,000,000 "
"Stanton, Giancarlo",dh-rf,8.118,"$26,000,000 "
"Arrieta, Jake",rhp-s,7.145,"$25,000,000 "
"Votto, Joey",1b,11.027,"$25,000,000 "
"Zimmermann, Jordan",rhp-s,9.154,"$25,000,000 "
"Cano, Robinson",2b,13.076,"$24,000,000 "
"Martinez, J.D.",rf,7.036,"$23,750,000 "
"Donaldson, Josh",3b,6.158,"$23,000,000 "
"Posey, Buster",c-1b,8.161,"$22,177,778 "
"Tanaka, Masahiro",rhp-s,5.000,"$22,000,000 "
"Kemp, Matt",lf,12.049,"$21,750,000 "
"Encarnacion, Edwin",1b-dh,13.085,"$21,666,666 "
"Freeman, Freddie",1b,8.033,"$21,359,375 "
"Ellsbury, Jacoby",cf,11.037,"$21,142,857 "
"Porcello, Rick",rhp-s,9.170,"$21,125,000 "
"Davis, Chris",1b,9.061,"$21,118,782 "
"Blackmon, Charlie",rf-cf,6.102,"$21,000,000 "
"Choo, Shin-Soo",dh-rf,11.119,"$21,000,000 "
"Cueto, Johnny",rhp-s,11.000,"$21,000,000 "
"Hosmer, Eric",1b,7.146,"$21,000,000 "
"Santana, Carlos",dh-1b,8.115,"$20,333,333 "
"Betts, Mookie",rf,4.070,"$20,000,000 "
"Chen, Wei-Yin",lhp,7.000,"$20,000,000 "
"Darvish, Yu",rhp-s,7.000,"$20,000,000 "
"Gordon, Alex",lf,11.092,"$20,000,000 "
"Hamels, Cole",lhp-s,12.143,"$20,000,000 "
"Heyward, Jason",rf,9.000,"$20,000,000 "
"Martin, Russell",c,12.150,"$20,000,000 "
"Molina, Yadier",c,14.123,"$20,000,000 "
"Tulowitzki, Troy",ss,12.033,"$20,000,000 "
"Samardzija, Jeff",rhp-s,9.028,"$19,800,000 "
"Seager, Kyle",3b,7.085,"$19,500,000 "
"Jansen, Kenley",rhp-c,8.073,"$19,333,333 "
"Braun, Ryan",lf,11.129,"$19,000,000 "
"Turner, Justin",3b,8.045,"$19,000,000 "
"Rendon, Anthony",3b,5.130,"$18,800,000 "
"Hill, Rich",lhp-s,9.127,"$18,666,667 "
"Sandoval, Pablo",3b,10.042,"$18,600,000 "
"Davis, Wade",rhp-c,9.032,"$18,000,000 "
"Upton, Justin",lf,11.060,"$18,000,000 "
"Zimmerman, Ryan",1b,13.032,"$18,000,000 "
"Ryu, Hyun-Jin",lhp-s,6.000,"$17,900,000 "
"Trout, Mike",cf,7.070,"$17,666,666 "
"Belt, Brandon",1b,7.128,"$17,200,000 "
"Chapman, Aroldis",lhp-c,8.009,"$17,200,000 "
"Kluber, Corey",rhp-s,6.074,"$17,200,000 "
"Eovaldi, Nathan",rhp-s,7.013,"$17,000,000 "
"Happ, J.A.",lhp-s,10.047,"$17,000,000 "
"Davis, Khris",dh-lf,5.104,"$16,500,000 "
"Fowler, Dexter",rf,9.168,"$16,500,000 "
"Kennedy, Ian",rhp,9.124,"$16,500,000 "
"Abreu, Jose",1b,5.000,"$16,000,000 "
"Brantley, Michael",lf,8.131,"$16,000,000 "
"Grandal, Yasmani",c,6.115,"$16,000,000 "
"Leake, Mike",rhp-s,9.000,"$16,000,000 "
"Andrus, Elvis",ss,10.000,"$15,250,000 "
"Duffy, Danny",lhp-s,7.085,"$15,250,000 "
"Crawford, Brandon",ss,7.094,"$15,200,000 "
"Pedroia, Dustin",2b,12.041,"$15,125,000 "
"Cain, Lorenzo",cf-rf,7.074,"$15,000,000 "
"Desmond, Ian",cf-1b,9.027,"$15,000,000 "
"Morton, Charlie",rhp-s,10.010,"$15,000,000 "
"Prado, Martin",3b-1b,11.105,"$15,000,000 "
"Sale, Chris",lhp-s,8.061,"$15,000,000 "
"Segura, Jean",ss,6.065,"$14,850,000 "
"Carpenter, Matt",3b,7.012,"$14,750,000 "
"Longoria, Evan",3b,10.170,"$14,666,667 "
"Kipnis, Jason",2b,7.069,"$14,666,666 "
"Goldschmidt, Paul",1b,7.059,"$14,500,000 "
"Bruce, Jay",rf,10.125,"$14,000,000 "
"Cobb, Alex",rhp-s,7.059,"$14,000,000 "
"Cruz, Nelson",dh-rf,11.082,"$14,000,000 "
"Melancon, Mark",rhp-c,8.098,"$14,000,000 "
"Cole, Gerrit",rhp-s,5.111,"$13,500,000 "
"Trumbo, Mark",dh-rf,8.027,"$13,500,000 "
"Gordon, Dee",2b-cf,6.154,"$13,300,000 "
"Bauer, Trevor",rhp-s,4.158,"$13,000,000 "
"Britton, Zack",lhp,6.158,"$13,000,000 "
"Gyorko, Jedd",2b-3b,5.164,"$13,000,000 "
"Reddick, Josh",rf,8.050,"$13,000,000 "
"Simmons, Andrelton",ss,6.125,"$13,000,000 "
"Corbin, Patrick",lhp-s,6.105,"$12,916,667 "
"Bryant, Kris",3b,3.171,"$12,900,000 "
"Cozart, Zack",3b,7.084,"$12,666,667 "
"Chatwood, Tyler",rhp-s,7.039,"$12,500,000 "
"Zobrist, Ben",2b-rf,11.134,"$12,500,000 "
"Ozuna, Marcell",lf,5.124,"$12,250,000 "
"Bogaerts, Xander",ss,5.042,"$12,000,000 "
"Bumgarner, Madison",lhp-s,8.127,"$12,000,000 "
"Gonzalez, Marwin",1b-3b,6.133,"$12,000,000 "
"LeMahieu, D.J.",2b,6.128,"$12,000,000 "
"Machado, Manny",3b,6.056,"$12,000,000 "
"Morales, Kendrys",dh-1b,10.170,"$12,000,000 "
"Springer, George",cf,4.166,"$12,000,000 "
"Castro, Starlin",2b,8.150,"$11,857,142 "
"Gregorius, Didi",ss,5.159,"$11,750,000 "
"Martinez, Carlos",rhp-s,5.073,"$11,700,000 "
"Harper, Bryce",rf,6.159,"$11,538,462 "
"Cervelli, Francisco",c,8.146,"$11,500,000 "
"Rizzo, Anthony",1b,6.168,"$11,285,714 "
"Perez, Salvador",c,7.050,"$11,200,000 "
"Teheran, Julio",rhp-s,6.062,"$11,166,666 "
"Harvey, Matt",rhp-s,6.072,"$11,000,000 "
"Miller, Andrew",lhp,10.062,"$11,000,000 "
"Lindor, Francisco",ss,3.113,"$10,550,000 "
"Calhoun, Kole",rf,5.130,"$10,500,000 "
"Quintana, Jose",lhp-s,6.133,"$10,500,000 "
"Gurriel, Yulieski",1b,2.043,"$10,400,000 "
"Marte, Starling",cf,5.162,"$10,333,333 "
"McCutchen, Andrew",lf,9.123,"$10,000,000 "
"Murphy, Daniel",1b,9.109,"$10,000,000 "
"Roark, Tanner",rhp-s,5.055,"$10,000,000 "
"Robertson, David",rhp,10.070,"$10,000,000 "
"Castellanos, Nicholas",3b,5.029,"$9,950,000 "
"Minor, Mike",lhp-s,7.138,"$9,833,333 "
"Gennett, Scooter",2b,5.071,"$9,775,000 "
"Carrasco, Carlos",rhp-s,7.147,"$9,750,000 "
"Yelich, Christian",cf,5.069,"$9,750,000 "
"Puig, Yasiel",rf,5.102,"$9,700,000 "
"Wood, Alex",lhp-s,5.123,"$9,650,000 "
"Altuve, Jose",2b,7.072,"$9,500,000 "
"Cashner, Andrew",rhp-s,8.126,"$9,500,000 "
"deGrom, Jacob",rhp-s,4.139,"$9,500,000 "
"Kikuchi, Yusei",lhp-s,0.000,"$9,500,000 "
"Odorizzi, Jake",rhp-s,5.042,"$9,500,000 "
"Gausman, Kevin",rhp-s,4.151,"$9,350,000 "
"Lynn, Lance",rhp-s,7.119,"$9,333,334 "
"Nicasio, Juan",rhp,7.084,"$9,250,000 "
"Nova, Ivan",rhp-s,8.024,"$9,166,667 "
"Cahill, Trevor",rhp-s,9.093,"$9,000,000 "
"Dozier, Brian",2b,6.100,"$9,000,000 "
"Frazier, Todd",3b,7.071,"$9,000,000 "
"Hunter, Tommy",rhp,9.066,"$9,000,000 "
"Lagares, Juan",cf,5.160,"$9,000,000 "
"Mikolas, Miles",rhp-s,2.037,"$9,000,000 "
"Morrow, Brandon",rhp-c,10.096,"$9,000,000 "
"O'Day, Darren",rhp,10.103,"$9,000,000 "
"Ottavino, Adam",rhp,7.087,"$9,000,000 "
"Paxton, James",lhp-s,4.151,"$8,575,000 "
"Bradley, Jackie Jr.",cf,4.150,"$8,550,000 "
"Allen, Cody",rhp,6.076,"$8,500,000 "
"Dickerson, Corey",lf,5.101,"$8,500,000 "
"Herrera, Kelvin",rhp-c,6.157,"$8,500,000 "
"Lowrie, Jed",2b,10.111,"$8,500,000 "
"McGee, Jake",lhp,7.127,"$8,500,000 "
"Reed, Addison",rhp,7.001,"$8,500,000 "
"Shaw, Bryan",rhp,7.081,"$8,500,000 "
"Swarzak, Anthony",rhp,7.024,"$8,500,000 "
"Eaton, Adam",cf,6.030,"$8,400,000 "
"Ramos, Wilson",c,8.047,"$8,250,000 "
"Kiermaier, Kevin",cf,4.131,"$8,166,667 "
"Gibson, Kyle",rhp-s,5.039,"$8,125,000 "
"Alonso, Yonder",1b,7.116,"$8,000,000 "
"Castro, Jason",c,8.104,"$8,000,000 "
"Pineda, Michael",rhp-s,7.099,"$8,000,000 "
"Sabathia, CC",lhp-s,18.000,"$8,000,000 "
"Sanchez, Anibal",rhp-s,12.083,"$8,000,000 "
"Smith, Joe",rhp,11.091,"$8,000,000 "
"Smoak, Justin",1b,8.077,"$8,000,000 "
"Vargas, Jason",lhp-s,11.114,"$8,000,000 "
"Odor, Rougned",2b,4.121,"$7,833,333 "
"Cecil, Brett",lhp,8.152,"$7,750,000 "
"Hernandez, Cesar",2b,4.154,"$7,750,000 "
"Neshek, Pat",rhp,10.159,"$7,750,000 "
"Archer, Chris",rhp-s,5.156,"$7,666,667 "
"Gardner, Brett",lf,10.072,"$7,500,000 "
"Gray, Sonny",rhp-s,5.061,"$7,500,000 "
"Schoop, Jonathan",2b-3b,5.027,"$7,500,000 "
"Hendricks, Kyle",rhp-s,4.081,"$7,405,000 "
"Stroman, Marcus",rhp-s,4.148,"$7,400,000 "
"Piscotty, Stephen",rf,3.076,"$7,333,333 "
"Colome, Alex",rhp,4.118,"$7,325,000 "
"Suarez, Eugenio",3b,4.061,"$7,285,714 "
"Betances, Dellin",rhp,5.078,"$7,250,000 "
"Castillo, Welington",c,6.104,"$7,250,000 "
"Gomes, Yan",c,6.083,"$7,083,333 "
"Hand, Brad",lhp,5.092,"$7,083,333 "
"Dunn, Michael",lhp,8.079,"$7,000,000 "
"Moustakas, Mike",3b,7.111,"$7,000,000 "
"Peralta, David",rf,4.120,"$7,000,000 "
"Richards, Garrett",rhp-s,6.148,"$7,000,000 "
"Smyly, Drew",lhp-s,6.154,"$7,000,000 "
"Chacin, Jhoulys",rhp-s,8.054,"$6,750,000 "
"Familia, Jeurys",rhp,6.023,"$6,666,667 "
"Anderson, Chase",rhp ,4.146,"$6,500,000 "
"Cishek, Steve",rhp,7.143,"$6,500,000 "
"Holland, Derek",lhp-s,9.105,"$6,500,000 "
"Moreland, Mitch",1b-dh,8.067,"$6,500,000 "
"Osuna, Roberto",rhp-c,3.098,"$6,500,000 "
"Soria, Joakim",rhp,12.000,"$6,500,000 "
"Wong, Kolten",2b,5.045,"$6,500,000 "
"Treinen, Blake",rhp-c,4.065,"$6,400,000 "
"Wacha, Michael",rhp-s,5.062,"$6,350,000 "
"Giles, Ken",rhp-c,4.106,"$6,300,000 "
"Hicks, Aaron",of,5.041,"$6,285,714 "
"Pearce, Steve",1b-lf,9.116,"$6,250,000 "
"Strop, Pedro",rhp,7.156,"$6,250,000 "
"Escobar, Eduardo",3b,6.128,"$6,166,666 "
"Polanco, Gregory",lf,4.103,"$6,100,000 "
"Ray, Robbie",lhp-s,4.007,"$6,050,000 "
"Doolittle, Sean",lhp-c,6.122,"$6,000,000 "
"Fiers, Michael",rhp-s,5.085,"$6,000,000 "
"Iglesias, Raisel",rhp-c,3.154,"$6,000,000 "
"Kepler, Max",rf,2.152,"$6,000,000 "
"Rosenthal, Trevor",rhp,5.058,"$6,000,000 "
"Syndergaard, Noah",rhp-s,3.149,"$6,000,000 "
"Thames, Eric",1b,3.063,"$6,000,000 "
"Wheeler, Zack",rhp-s,5.098,"$5,975,000 "
"Realmuto, J.T.",c,4.038,"$5,900,000 "
"Semien, Marcus",ss,4.118,"$5,900,000 "
"McHugh, Collin",rhp-s,5.085,"$5,800,000 "
"Pillar, Kevin",cf,4.113,"$5,800,000 "
"Chirinos, Robinson",c,6.103,"$5,750,000 "
"Ross, Tyson",rhp-s,7.118,"$5,750,000 "
"Inciarte, Ender",cf,4.157,"$5,700,000 "
"Myers, Wil",lf,5.104,"$5,500,000 "
"Petit, Yusmeiro",rhp,8.016,"$5,500,000 "
"Foltynewicz, Mike",rhp-s,3.163,"$5,475,000 "
"Herrera, Odubel",cf,4.000,"$5,350,000 "
"Mercer, Jordy",ss,6.095,"$5,250,000 "
"Rodney, Fernando",rhp-c,15.137,"$5,250,000 "
"Baez, Javier",2b,3.089,"$5,200,000 "
"Franco, Maikel",3b,3.170,"$5,200,000 "
"Knebel, Corey",rhp,3.151,"$5,125,000 "
"Walker, Taijuan",rhp-s,4.142,"$5,025,000 "
"Correa, Carlos",ss,3.119,"$5,000,000 "
"Dyson, Sam",rhp,4.142,"$5,000,000 "
"Gregerson, Luke",rhp,10.000,"$5,000,000 "
"Grichuk, Randal",rf,4.033,"$5,000,000 "
"Kintzler, Brandon",rhp,7.003,"$5,000,000 "
"Nunez, Eduardo",2b,7.090,"$5,000,000 "
"Pederson, Joc",cf,4.028,"$5,000,000 "
"Story, Trevor",ss,3.000,"$5,000,000 "
"Wilson, Justin",lhp,6.035,"$5,000,000 "
"Lamb, Jake",1b,4.053,"$4,825,000 "
"Villar, Jonathan",2b,4.113,"$4,825,000 "
"Cron, C.J.",1b-dh,4.097,"$4,800,000 "
"Vizcaino, Arodys",rhp-c,5.168,"$4,800,000 "
"Shaw, Travis",3b,3.088,"$4,675,000 "
"Soler, Jorge",rf,3.143,"$4,666,666 "
"Jones, Nate",rhp,7.000,"$4,650,000 "
"Sanchez, Yolmer Carlos",2b,3.134,"$4,625,000 "
"Freese, David",3b,9.028,"$4,500,000 "
"Miley, Wade",lhp-s,7.025,"$4,500,000 "
"Nola, Aaron",rhp-s,3.076,"$4,500,000 "
"Rondon, Hector",rhp,6.000,"$4,500,000 "
"Salazar, Danny",rhp-s,4.162,"$4,500,000 "
"Severino, Luis",rhp-s,2.170,"$4,500,000 "
"Vazquez, Felipe",lhp,3.162,"$4,500,000 "
"Zunino, Mike",c,4.165,"$4,412,500 "
"Rodriguez, Eduardo",lhp-s,3.130,"$4,300,000 "
"Avila, Alex",c,9.061,"$4,250,000 "
"Hamilton, Billy",cf,5.028,"$4,250,000 "
"Harris, Will",rhp,5.102,"$4,225,000 "
"Smith, Will",lhp,5.155,"$4,225,000 "
"Rodon, Carlos",lhp-s,3.168,"$4,200,000 "
"Rosario, Eddie",lf,3.120,"$4,190,000 "
"Iannetta, Chris",c,12.013,"$4,150,000 "
"Ramirez, Jose",3b,4.074,"$4,150,000 "
"Souza, Steven",rf,4.072,"$4,125,000 "
"McCullers Jr., Lance",rhp-s,3.140,"$4,100,000 "
"Pham, Tommy",lf,3.107,"$4,100,000 "
"Conforto, Michael",rf,3.043,"$4,025,000 "
"Chavez, Jesse",rhp,8.108,"$4,000,000 "
"Estrada, Marco",rhp-s,9.035,"$4,000,000 "
"Flowers, Tyler",c,7.148,"$4,000,000 "
"Galvis, Freddy",ss,6.021,"$4,000,000 "
"Greene, Shane",rhp,4.075,"$4,000,000 "
"Jay, Jon",cf,8.134,"$4,000,000 "
"Kendrick, Howie",lf-2b,12.091,"$4,000,000 "
"Markakis, Nick",rf,13.000,"$4,000,000 "
"Pollock, A.J.",cf,6.052,"$4,000,000 "
"Seager, Corey",ss,3.032,"$4,000,000 "
"Suzuki, Kurt",c,11.113,"$4,000,000 "
"Polanco, Jorge",ss,2.024,"$3,958,333 "
"Sanchez, Aaron",rhp-s,4.069,"$3,900,000 "
"Panik, Joe",2b,4.100,"$3,850,000 "
"Dyson, Jarrod",lf-cf,7.088,"$3,750,000 "
"Flores, Wilmer",2b-3b,5.003,"$3,750,000 "
"Kinsler, Ian",2b,13.000,"$3,750,000 "
"Hernandez, Enrique",2b-ss,4.054,"$3,725,000 "
"Turner, Trea",ss,2.135,"$3,725,000 "
"Nelson, Jimmy",rhp-s,4.107,"$3,700,000 "
"Skaggs, Tyler",lhp-s,4.135,"$3,700,000 "
"Ahmed, Nick",ss,4.054,"$3,662,500 "
"Profar, Jurickson",2b,4.165,"$3,600,000 "
"Holt, Brock",3b-rf,5.052,"$3,575,000 "
"d'Arnaud, Travis",c,5.044,"$3,515,000 "
"Cabrera, Asdrubal",3b,11.027,"$3,500,000 "
"Garcia, Avisail",dh-rf,5.167,"$3,500,000 "
"Perez, Martin",lhp-s,6.038,"$3,500,000 "
"Shoemaker, Matt",rhp-s,4.166,"$3,500,000 "
"Taylor, Chris",cf,3.037,"$3,500,000 "
"Watson, Tony",lhp,7.101,"$3,500,000 "
"Heaney, Andrew",lhp-s,3.150,"$3,400,000 "
"Schwarber, Kyle",lf-c,3.086,"$3,390,000 "
"Lucroy, Jonathan",c,8.136,"$3,350,000 "
"Kelly, Joe",rhp,6.029,"$3,333,334 "
"Bettis, Chad",rhp-s,4.096,"$3,325,000 "
"Mazara, Nomar",rf,3.000,"$3,300,000 "
"Holland, Greg",rhp-c,7.027,"$3,250,000 "
"Mathis, Jeff",c,12.012,"$3,250,000 "
"Taylor, Michael",of,4.010,"$3,250,000 "
"Urena, Jose",rhp-s,3.040,"$3,200,000 "
"Jeffress, Jeremy",rhp,5.104,"$3,175,000 "
"Kela, Keone",rhp,4.000,"$3,175,000 "
"Rojas, Miguel",ss,4.043,"$3,155,000 "
"Manaea, Sean",lhp-s,2.157,"$3,150,000 "
"Maeda, Kenta",rhp-s,3.000,"$3,125,000 "
"Peacock, Brad",rhp,4.165,"$3,110,000 "
"Yates, Kirby",rhp-c,4.021,"$3,062,500 "
"Adams, Matt",1b-lf,6.033,"$3,000,000 "
"Buchholz, Clay",rhp-s,10.021,"$3,000,000 "
"Hirano, Yoshihisa",rhp,1.000,"$3,000,000 "
"Jones, Adam",cf,11.139,"$3,000,000 "
"Kang, Jung-Ho",3b,2.003,"$3,000,000 "
"Martin, Leonys",cf,5.161,"$3,000,000 "
"Owings, Chris",ss,5.012,"$3,000,000 "
"Richard, Clayton",lhp-s,8.163,"$3,000,000 "
"Barnhart, Tucker",c,4.075,"$2,937,500 "
"Gray, Jon",rhp-s,3.062,"$2,925,000 "
"Pressly, Ryan",rhp,5.039,"$2,900,000 "
"Vazquez, Christian",c,4.031,"$2,850,000 "
"Bundy, Dylan",rhp-s,3.026,"$2,800,000 "
"Fulmer, Michael",rhp-s,2.157,"$2,800,000 "
"Peraza, Jose",2b,2.141,"$2,775,000 "
"Chisenhall, Lonnie",rf,6.158,"$2,750,000 "
"Duffy, Matt",ss,4.059,"$2,675,000 "
"Cingrani, Tony",lhp,5.088,"$2,650,000 "
"Sano, Miguel",rf,3.066,"$2,650,000 "
"Anderson, Tyler",lhp-s,3.065,"$2,625,000 "
"Matz, Steven",lhp-s,3.099,"$2,625,000 "
"Perez, Roberto",c,4.083,"$2,625,000 "
"Boyd, Matt",lhp-s,2.136,"$2,600,000 "
"Davies, Zach",rhp-s,3.020,"$2,600,000 "
"Albers, Matt",rhp,11.141,"$2,500,000 "
"Bour, Justin",1b,4.064,"$2,500,000 "
"Hernandez, David",rhp,9.084,"$2,500,000 "
"Iglesias, Jose",ss,6.036,"$2,500,000 "
"Kelley, Shawn",rhp,9.128,"$2,500,000 "
"Maldonado, Martin",c,6.156,"$2,500,000 "
"McCann, James",c,4.028,"$2,500,000 "
"Moore, Matt",lhp-s,7.000,"$2,500,000 "
"Oh, Seung-hwan",rhp,3.000,"$2,500,000 "
"Perez, Hernan",3b,4.079,"$2,500,000 "
"Perez, Oliver",lhp,14.093,"$2,500,000 "
"Phelps, David",rhp,6.156,"$2,500,000 "
"Romo, Sergio",rhp,10.097,"$2,500,000 "
"Montgomery, Mike",lhp-s,3.089,"$2,440,000 "
"LeBlanc, Wade",lhp,5.131,"$2,300,000 "
"Diekman, Jake",lhp,6.050,"$2,250,000 "
"Martin, Chris",rhp,1.133,"$2,250,000 "
"Peralta, Wily",rhp,5.049,"$2,250,000 "
"Stammen, Craig",rhp,7.160,"$2,250,000 "
"Venters, Jonny",lhp,5.159,"$2,250,000 "
"Velasquez, Vincent",rhp-s,3.086,"$2,249,000 "
"Guerra, Junior",rhp-s,2.155,"$2,225,000 "
"Marisnick, Jake",cf,4.132,"$2,212,500 "
"Boxberger, Brad",rhp,5.109,"$2,200,000 "
"Givens, Mychal",rhp,3.069,"$2,150,000 "
"Hendriks, Liam",rhp ,4.164,"$2,150,000 "
"DeSclafani, Anthony",rhp-s,4.062,"$2,125,000 "
"Hughes, Jared",rhp,6.162,"$2,125,000 "
"Baez, Pedro",rhp,4.059,"$2,100,000 "
"Hedges, Austin",c,2.166,"$2,060,000 "
"Canha, Mark",1b-lf,3.092,"$2,050,000 "
"Lyles, Jordan",rhp,7.002,"$2,050,000 "
"Diaz, Aledmys",ss,2.100,"$2,000,000 "
"Dietrich, Derek",lf-2b,4.151,"$2,000,000 "
"Duke, Zach",lhp,12.054,"$2,000,000 "
"Forsythe, Logan",2b,7.113,"$2,000,000 "
"Grossman, Robbie",lf,4.060,"$2,000,000 "
"Harrison, Josh",2b,7.033,"$2,000,000 "
"Kelly, Merrill",rhp-s,0.000,"$2,000,000 "
"Marte, Ketel",cf-2b,2.162,"$2,000,000 "
"McCann, Brian",c,13.117,"$2,000,000 "
"Miller, Shelby",rhp-s,5.166,"$2,000,000 "
"Pence, Hunter",rf,11.156,"$2,000,000 "
"Pomeranz, Drew",lhp-s,6.013,"$2,000,000 "
"Volquez, Edinson",rhp-s,10.059,"$2,000,000 "
"Wainwright, Adam",rhp-s,13.027,"$2,000,000 "
"Walker, Neil",1b,8.166,"$2,000,000 "
"Warren, Adam",rhp,6.036,"$2,000,000 "
"Lorenzen, Michael",rhp-of,3.159,"$1,950,000 "
"Santana, Domingo",lf ,3.024,"$1,950,000 "
"Travis, Devon",2b,3.163,"$1,950,000 "
"Chafin, Andrew",lhp,4.020,"$1,945,000 "
"Gurriel, Lourdes",2b,0.119,"$1,928,571 "
"Alvarez, Jose",lhp,4.035,"$1,925,000 "
"Ramirez, J.C.",rhp,3.139,"$1,901,000 "
"Jimenez, Eloy",rf,0.000,"$1,833,333 "
"Bradley, Archie",rhp,3.112,"$1,830,000 "
"Liriano, Francisco",lhp-s,12.104,"$1,800,000 "
"Neris, Hector",rhp,3.068,"$1,800,000 "
"Parker, Blake",rhp,4.036,"$1,800,000 "
"Romine, Austin",c,5.045,"$1,800,000 "
"Beckham, Tim",3b,4.134,"$1,750,000 "
"Bedrosian, Cam",rhp,3.153,"$1,750,000 "
"Buxton, Byron",cf,2.160,"$1,750,000 "
"Granderson, Curtis",lf,13.077,"$1,750,000 "
"Parra, Gerardo",lf,9.145,"$1,750,000 "
"Solarte, Yangervis",3b,5.000,"$1,750,000 "
"Thornburg, Tyler",rhp,5.057,"$1,750,000 "
"Vincent, Nick",rhp,5.067,"$1,750,000 "
"Barraclough, Kyle",rhp,3.059,"$1,725,000 "
"Rusin, Chris",lhp-s,4.092,"$1,687,500 "
"Garcia, Luis",rhp,4.006,"$1,675,000 "
"DeJong, Paul",ss,1.127,"$1,666,667 "
"Brach, Brad",rhp,6.063,"$1,650,000 "
"Avilan, Luis",lhp,5.146,"$1,600,000 "
"Barnes, Matt",rhp,3.110,"$1,600,000 "
"Pina, Manny",c,3.046,"$1,600,000 "
"Snell, Blake",lhp-s,2.072,"$1,600,000 "
"Garcia, Leury",cf-2b,4.025,"$1,550,000 "
"Devenski, Chris",rhp,3.000,"$1,525,000 "
"Rogers, Taylor",lhp,2.145,"$1,525,000 "
"Tepera, Ryan",rhp,3.008,"$1,525,000 "
"Anderson, Brett",lhp-s,9.135,"$1,500,000 "
"Descalso, Daniel",3b-ss,8.016,"$1,500,000 "
"Edwards, Carl ",rhp,2.134,"$1,500,000 "
"Gearrin, Cory",rhp,5.136,"$1,500,000 "
"Hudson, Daniel",rhp,8.106,"$1,500,000 "
"Kingery, Scott",2b,1.000,"$1,500,000 "
"Kratz, Erik",c,4.156,"$1,500,000 "
"Leclerc, Jose",rhp,2.038,"$1,500,000 "
"Wieters, Matt",c,9.129,"$1,500,000 "
"Erlin, Robbie",lhp,4.078,"$1,450,000 "
"Anderson, Tim",ss,2.115,"$1,400,000 "
"Buchter, Ryan",lhp,3.010,"$1,400,000 "
"DeShields Jr., Delino",cf-lf,3.116,"$1,400,000 "
"McFarland, T.J.",lhp,4.164,"$1,400,000 "
"Robles, Hansel",rhp,3.119,"$1,400,000 "
"Culberson, Charlie",inf,3.084,"$1,395,000 "
"Kahnle, Tommy",rhp,3.131,"$1,387,500 "
"Altherr, Aaron",of,3.028,"$1,350,000 "
"La Stella, Tommy",2b-3b,4.057,"$1,350,000 "
"Hembree, Heath",rhp,3.106,"$1,312,500 "
"Adrianza, Ehire",2b-ss,4.131,"$1,300,000 "
"Drury, Brandon",3b,2.165,"$1,300,000 "
"Hardy, Blaine",lhp,3.108,"$1,300,000 "
"Hellickson, Jeremy",rhp-s,8.041,"$1,300,000 "
"Oberg, Scott",rhp,3.063,"$1,300,000 "
"Otero, Danny",rhp,5.124,"$1,300,000 "
"Strickland, Hunter",rhp-c,3.163,"$1,300,000 "
"Claudio, Alex",lhp,3.114,"$1,275,000 "
"Norris, Daniel",lhp,3.073,"$1,275,000 "
"Roe, Chaz",rhp,3.094,"$1,275,000 "
"Leone, Dominic",rhp,3.123,"$1,260,000 "
"Duda, Lucas",1b,7.137,"$1,250,000 "
"Hundley, Nick",c,10.059,"$1,250,000 "
"Joyce, Matt",rf,9.123,"$1,250,000 "
"Tomlin, Josh",rhp-s,8.033,"$1,250,000 "
"Bird, Greg",1b,3.053,"$1,200,000 "
"Loup, Aaron",lhp,6.040,"$1,200,000 "
"Jankowski, Travis",cf,2.169,"$1,165,000 "
"Cabrera, Melky",lf,12.077,"$1,150,000 "
"Workman, Brandon",rhp,4.051,"$1,150,000 "
"Plawecki, Kevin",c,2.167,"$1,137,500 "
"Conley, Adam",lhp-s,2.147,"$1,125,000 "
"Martinez, Jose",lf-rf,2.027,"$1,125,000 "
"Morgan, Adam",lhp,3.017,"$1,100,000 "
"Phegley, Josh",c,4.087,"$1,075,000 "
"Tropeano, Nick",rhp-s,3.068,"$1,075,000 "
"Bourjos, Peter",cf,7.127,"$1,000,000 "
"Gomez, Jeanmar",rhp,6.056,"$1,000,000 "
"Herrmann, Chris",c,4.128,"$1,000,000 "
"Lowe, Brandon",2b-of,0.058,"$1,000,000 "
"Merrifield, Whit",2b,2.101,"$1,000,000 "
"Miller, Brad",2b,5.047,"$1,000,000 "
"Ramirez, Hanley",dh-1b,12.077,"$1,000,000 "
"Ramirez, Neil",rhp,4.001,"$1,000,000 "
"Reynolds, Mark",1b,11.108,"$1,000,000 "
"Sipp, Tony",lhp,9.100,"$1,000,000 "
"Wolters, Tony",c,2.161,"$960,000 "
"Casali, Curt",c,2.151,"$950,000 "
"Andriese, Matt",rhp-s,3.071,"$920,000 "
"Elias, Roenis",lhp,3.069,"$910,000 "
"Garcia, Greg",ss,3.083,"$910,000 "
"Swihart, Blake",c,2.164,"$910,000 "
"Biagini, Joe",rhp,2.134,"$900,000 "
"Cedeno, Xavier",lhp,5.005,"$900,000 "
"Gonzales, Marco",lhp,1.102,"$900,000 "
"May, Trevor",rhp,4.012,"$900,000 "
"Murphy, John Ryan",c,3.043,"$900,000 "
"Dull, Ryan",rhp,2.143,"$860,000 "
"Choi, Ji-Man",1b,1.076,"$850,000 "
"Sucre, Jesus",c,4.137,"$850,000 "
"Flynn, Brian",lhp,3.086,"$800,000 "
"Guerra, Javy",rhp,3.148,"$800,000 "
"Hahn, Jesse",rhp,3.067,"$800,000 "
"Karns, Nate",rhp-s,4.033,"$800,000 "
"Heredia, Guillermo",of,2.053,"$782,000 "
"Barnette, Tony",rhp,3.000,"$750,000 "
"Wilson, Alex",rhp,5.038,"$750,000 "
"Benintendi, Andrew",lf,2.062,"$717,500 "
"Garcia, Yimi",rhp,3.149,"$710,000 "
"Beckham, Gordon",2b,8.032,"$700,000 "
"Shuck, J.B.",lf,3.166,"$700,000 "
"Hader, Josh",lhp,1.115,"$687,600 "
"Judge, Aaron",rf-dh,2.051,"$684,300 "
"Contreras, Willson",c,2.108,"$684,000 "
"Goodrum, Niko",1b-of,1.031,"$670,500 "
"Sanchez, Gary",c,2.086,"$669,800 "
"Barlow, Scott",rhp,0.030,"$650,000 "
"Gore, Terrance",of,1.031,"$650,000 "
"Ohtani, Shohei",rhp-s,1.000,"$650,000 "
"Rodriguez, Richard",rhp,1.016,"$650,000 "
"Bregman, Alex",3b,2.070,"$640,500 "
"Aguilar, Jesus",1b,2.082,"$637,500 "
"Schebler, Scott",rf,2.132,"$625,000 "
"Berrios, Jose O.",rhp-s,2.044,"$620,000 "
"Andujar, Miguel",3b,1.020,"$617,600 "
"Almora, Albert",cf,2.073,"$615,500 "
"Devers, Rafael",3b,1.070,"$614,500 "
"Rosscup, Zac",lhp,3.164,"$610,000 "
"Godley, Zack",rhp-s,2.112,"$609,400 "
"Diaz, Edwin",rhp-c,2.121,"$607,425 "
"Gallo, Joey",3b,2.103,"$605,500 "
"Torres, Gleyber",2b,0.162,"$605,200 "
"Bellinger, Cody",1b-of,1.160,"$605,000 "
"Green, Chad",rhp,2.050,"$598,650 "
"Nimmo, Brandon",lf,2.042,"$598,285 "
"Pivetta, Nick",rhp-s,1.129,"$598,000 "
"Montgomery, Jordan",lhp-s,1.153,"$596,600 "
"Stripling, Ross",rhp,2.115,"$595,000 "
"Miller, Justin",rhp,2.128,"$593,200 "
"Clevinger, Mike",rhp-s,2.041,"$592,200 "
"Lugo, Seth",rhp-s,2.082,"$591,875 "
"Haniger, Mitch",rf,2.048,"$590,100 "
"Stassi, Max",c,2.049,"$590,100 "
"Eflin, Zach",rhp-s,2.018,"$590,000 "
"Taillon, Jameson",rhp-s,2.110,"$587,500 "
"Bell, Josh",1b-rf,2.053,"$587,000 "
"Anderson, Brian",3b,1.031,"$585,000 "
"Jackson, Luke",rhp,2.019,"$585,000 "
"Swanson, Dansby",ss,2.047,"$585,000 "
"Frazier, Adam",ss-of,2.075,"$584,000 "
"Williams, Trevor",rhp-s,2.027,"$584,000 "
"Kemp, Tony",2b-of,1.098,"$583,600 "
"Goodwin, Brian",of,2.019,"$583,500 "
"White, Tyler",1b,1.101,"$582,900 "
"Gsellman, Robert",rhp-s,2.042,"$582,500 "
"Musgrove, Joe",rhp-s,2.063,"$582,500 "
"Renfroe, Hunter",rf,1.165,"$582,100 "
"Strahm, Matt",lhp,2.064,"$581,700 "
"Crick, Kyle",rhp,1.103,"$581,500 "
"Santana, Edgar",rhp,1.048,"$581,500 "
"Weaver, Luke",rhp-s,1.112,"$581,300 "
"Narvaez, Omar",c,2.089,"$581,200 "
"Difo, Wilmer",ss,2.110,"$581,100 "
"Holder, Jonathan",rhp,1.144,"$580,300 "
"Chapman, Matt",3b,1.109,"$580,000 "
"Lopez, Reynaldo",rhp-s,1.096,"$580,000 "
"Winker, Jesse",lf-rf,1.080,"$580,000 "
"Healy, Ryon",1b-dh,2.080,"$579,800 "
"Gaviglio, Sam",rhp,1.067,"$579,500 "
"Moran, Colin",3b,1.107,"$579,500 "
"Maile, Luke",c,2.099,"$579,000 "
"Cessa, Luis",rhp,1.131,"$578,975 "
"Hernandez, Teoscar",lf,1.102,"$578,600 "
"Diaz, Elias",c,2.088,"$578,500 "
"Smith, Mallex",lf-cf,2.125,"$578,400 "
"Bader, Harrison",of,1.038,"$578,300 "
"Soto, Juan",lf ,0.134,"$578,300 "
"Junis, Jake",rhp-s,1.087,"$578,250 "
"McCarthy, Kevin",rhp,1.123,"$578,250 "
"Keller, Brad",rhp-s,1.000,"$578,125 "
"Alberto, Hanser",ss,2.085,"$578,000 "
"Kuhl, Chad",rhp-s,2.079,"$578,000 "
"Brasier, Ryan",rhp,1.126,"$577,500 "
"German, Domingo",rhp-s,1.017,"$577,500 "
"Margot, Manuel",cf,2.012,"$577,100 "
"Gonzalez, Erik",ss,2.007,"$577,000 "
"Grace, Matt",lhp,2.065,"$576,400 "
"Mondesi, Adalberto",ss,1.088,"$576,000 "
"Mancini, Trey",1b-of,2.015,"$575,500 "
"Rosario, Amed",ss,1.062,"$575,500 "
"Albies, Ozzie",ss,1.062,"$575,000 "
"Alexander, Scott",lhp,2.097,"$575,000 "
"Bard, Luke",rhp,0.030,"$575,000 "
"Barnes, Austin",c,2.124,"$575,000 "
"Biddle, Jesse",lhp,1.166,"$575,000 "
"Brennan, Brandon",rhp,0.000,"$575,000 "
"Camargo, Johan",2b,1.137,"$575,000 "
"Carle, Shane",rhp,1.032,"$575,000 "
"Garver, Mitch",c,1.045,"$575,000 "
"Graveman, Kendall",rhp-s,3.078,"$575,000 "
"Hoskins, Rhys",1b,1.053,"$575,000 "
"Johnson, Brian",lhp,1.043,"$575,000 "
"Minter, A.J.",lhp,1.040,"$575,000 "
"Moncada, Yoan",2b-3b,1.106,"$575,000 "
"Muncy, Max",1b ,2.027,"$575,000 "
"Newcomb, Sean",lhp-s,1.114,"$575,000 "
"Olson, Matt",1b,1.103,"$575,000 "
"Steckenrider, Drew",rhp-c,1.094,"$575,000 "
"Williams, Nick",rf,1.094,"$575,000 "
"Naquin, Tyler",rf,2.033,"$574,800 "
"Bracho, Silvino",rhp,1.082,"$574,600 "
"Brault, Steven",lhp-s,1.083,"$574,500 "
"Mahtook, Mikie",cf,2.110,"$574,500 "
"Osuna, Jose",of,1.077,"$573,500 "
"Ramos, Edubray",rhp,2.075,"$573,500 "
"Voit, Luke",1b,0.169,"$573,200 "
"Hill, Tim",lhp,1.000,"$573,175 "
"Giolito, Lucas",rhp-s,1.080,"$573,000 "
"Bleier, Richard",lhp,2.074,"$572,500 "
"Cave, Jake",of,0.113,"$572,500 "
"Hildenberger, Trevor",rhp,1.101,"$572,500 "
"Smith, Kevan",c,2.031,"$572,500 "
"Broxton, Keon",cf,2.038,"$571,765 "
"Gant, John",rhp-s,2.004,"$571,300 "
"Covey, Dylan",rhp,1.136,"$571,000 "
"Engel, Adam",of,1.118,"$571,000 "
"Farmer, Buck",rhp,2.083,"$570,800 "
"Alvarado, Jose",lhp-c,1.093,"$570,600 "
"Moroff, Max",2b,1.008,"$570,500 "
"Reyes, Franmil",rf,0.115,"$570,500 "
"Wendle, Joey",2b,1.088,"$570,400 "
"Robertson, Daniel",ss,1.156,"$570,300 "
"Alfaro, Jorge",c,1.083,"$570,000 "
"Brinson, Lewis",cf,1.025,"$570,000 "
"Buehler, Walker",rhp,0.168,"$570,000 "
"Mahle, Tyler",rhp,1.018,"$570,000 "
"Peralta, Wandy",lhp,2.010,"$570,000 "
"Richards, Trevor",rhp-s,0.142,"$570,000 "
"Rickard, Joey",of,2.120,"$570,000 "
"Caratini, Victor",c,1.051,"$569,500 "
"Guzman, Ronald",1b,0.171,"$569,500 "
"Kiner-Falefa, Isiah",3b,1.000,"$569,500 "
"Brebbia, John",rhp,1.093,"$569,300 "
"Jimenez, Joe",rhp,1.077,"$569,200 "
"Castro, Miguel",rhp,2.079,"$569,000 "
"Fry, Jace",lhp,1.005,"$569,000 "
"Kingham, Nick",rhp,0.092,"$569,000 "
"Neverauskas, Dovydas",rhp,0.123,"$569,000 "
"Pena, Felix",rhp,1.079,"$569,000 "
"Ramirez, Noe",rhp,1.139,"$569,000 "
"Austin, Tyler",of,1.159,"$568,600 "
"Tuivailala, Sam",rhp,2.082,"$568,600 "
"Velazquez, Hector",rhp,1.048,"$568,500 "
"Mayza, Tim",lhp,0.156,"$568,300 "
"Suter, Brent",lhp,1.161,"$568,300 "
"McNeil, Jeff",3b-lf,0.069,"$567,714 "
"Gamel, Ben",of,2.024,"$567,700 "
"Barnes, Jacob",rhp,2.098,"$567,600 "
"Koch, Matt",rhp,0.141,"$567,600 "
"Garrett, Amir",lhp,1.099,"$567,500 "
"Gott, Trevor",rhp,1.048,"$567,500 "
"Moronta, Reyes",rhp,1.028,"$567,500 "
"Stratton, Chris",rhp-s,1.100,"$567,500 "
"Wright, Mike",rhp,2.111,"$567,500 "
"VerHagen, Drew",rhp-s,2.126,"$567,400 "
"Dozier, Hunter",3b,1.060,"$567,225 "
"Hicks, John",c,2.001,"$567,100 "
"Jones, JaCoby",cf,1.125,"$567,100 "
"Palka, Daniel",of,0.160,"$567,000 "
"James, Josh",rhp,0.030,"$566,800 "
"Glasnow, Tyler",rhp-s,1.158,"$566,700 "
"Lamet, Dinelson",rhp-s,1.130,"$566,700 "
"Stumpf, Daniel",lhp,2.063,"$566,600 "
"Valdez, Framber",lhp,0.041,"$566,600 "
"Arcia, Orlando",ss,2.047,"$565,700 "
"Reyes, Pablo",2b-of,0.030,"$565,500 "
"Borucki, Ryan",lhp-s,0.088,"$565,200 "
"Lucchesi, Joey",lhp-s,1.000,"$565,100 "
"Bassitt, Chris",rhp,2.130,"$565,000 "
"Cotton, Jharel",rhp-s,2.026,"$565,000 "
"Floro, Dylan",rhp,1.049,"$565,000 "
"Freeland, Kyle",lhp-s,2.000,"$565,000 "
"Fried, Max",lhp-s,0.148,"$565,000 "
"Guerrero, Tayron",rhp,1.004,"$565,000 "
"Knapp, Andrew",c,1.171,"$565,000 "
"Marquez, German",rhp-s,2.027,"$565,000 "
"Moore, Dylan",3b,0.000,"$565,000 "
"Parsons, Wes",rhp,0.005,"$565,000 "
"Pinder, Chad",2b-of,2.047,"$565,000 "
"Sobotka, Chad",rhp,0.043,"$565,000 "
"Stephenson, Robert",rhp,1.049,"$565,000 "
"Stewart, Brock",rhp,1.059,"$565,000 "
"Urias, Julio",lhp-s,1.122,"$565,000 "
"Wilson, Bryse",rhp-s,0.031,"$565,000 "
"Wright, Kyle",rhp-s,0.030,"$565,000 "
"Peralta, Freddy",rhp,0.090,"$564,600 "
"Reyes, Alex",rhp-s,2.055,"$564,600 "
"Luplow, Jordan",of,0.112,"$564,500 "
"Glover, Koda",rhp,2.049,"$564,300 "
"Stanek, Ryne",rhp,1.038,"$564,200 "
"Robinson, Drew",2b,1.039,"$564,100 "
"Dominguez, Seranthony",rhp,0.147,"$564,000 "
"Hernandez, Marco",ss,2.105,"$564,000 "
"O'Neill, Tyler",of,0.101,"$564,000 "
"Rosario, Randy",lhp,0.132,"$564,000 "
"Stallings, Jacob",c,0.149,"$564,000 "
"Cimber, Adam",rhp,1.000,"$563,800 "
"Williams, Taylor",rhp,1.026,"$563,800 "
"Mayers, Mike",rhp,1.031,"$563,700 "
"Hess, David",rhp,0.119,"$563,500 "
"Middleton, Keynan",rhp,1.150,"$563,500 "
"Severino, Pedro",c,1.099,"$563,500 "
"Yarbrough, Ryan",lhp-s,1.000,"$563,400 "
"Maton, Phil",rhp,1.107,"$562,900 "
"Burnes, Corbin",rhp,0.086,"$562,800 "
"Pompey, Dalton",cf,1.151,"$562,800 "
"Lauer, Eric",lhp-s,0.160,"$562,500 "
"Suero, Wander",rhp,0.123,"$562,500 "
"Adames, Willy",ss,0.105,"$562,400 "
"Bradford, Chase",rhp,1.084,"$562,300 "
"Lopez, Jorge",rhp-s,0.102,"$562,250 "
"Flaherty, Jack",rhp-s,1.006,"$562,100 "
"Munoz, Yairo",ss,0.154,"$562,000 "
"Nunez, Renato",3b-lf,0.167,"$562,000 "
"Urena, Richard",ss,0.094,"$562,000 "
"Chirinos, Yonny",rhp-s,0.137,"$561,800 "
"Anderson, Justin",rhp,0.161,"$561,500 "
"Bote, David",2b,0.100,"$561,500 "
"Castillo, Diego",rhp,0.118,"$561,500 "
"Fletcher, David",ss,0.111,"$561,500 "
"Davis, J.D.",3b,0.137,"$561,420 "
"Woodruff, Brandon",rhp,0.161,"$561,400 "
"Rodriguez, Dereck",rhp,0.126,"$561,250 "
"Zimmer, Bradley",of,1.036,"$561,200 "
"Brito, Socrates",of,1.074,"$561,000 "
"Olson, Tyler",lhp,1.114,"$560,900 "
"Kolarek, Adam",lhp,0.112,"$560,800 "
"Allen, Greg",of,0.148,"$560,400 "
"Bauers, Jake",lf,0.116,"$560,400 "
"Diaz, Miguel",rhp,1.047,"$560,400 "
"Font, Wilmer",rhp,1.085,"$560,400 "
"Castillo, Jose",lhp,0.121,"$560,300 "
"Cordero, Franchy",cf,1.038,"$560,100 "
"Pannone, Tom",lhp,0.049,"$560,100 "
"Smith Jr., Dwight",lf,0.085,"$560,100 "
"Acuna, Ronald",lf,0.159,"$560,000 "
"Astudillo, Willians",c,0.061,"$560,000 "
"Brooks, Aaron",rhp-s,1.102,"$560,000 "
"Dahl, David",lf,1.162,"$560,000 "
"Ferguson, Caleb",lhp,0.113,"$560,000 "
"Gossett, Daniel",rhp,1.059,"$560,000 "
"Herrera, Rosell",2b-of,0.131,"$560,000 "
"Kelly, Carson",c,0.161,"$560,000 "
"Magill, Matt",rhp,1.031,"$560,000 "
"McMahon, Ryan",1b-3b,1.006,"$560,000 "
"Mejia, Adalberto",lhp-s,1.052,"$560,000 "
"Montas, Frankie",rhp,1.089,"$560,000 "
"Moya, Gabriel",lhp,0.111,"$560,000 "
"Riddle, J.T.",ss,1.149,"$560,000 "
"Rondon, Jose",2b,0.096,"$560,000 "
"Senzatela, Antonio",rhp-s,1.126,"$560,000 "
"Tapia, Raimel",of,1.020,"$560,000 "
"Verdugo, Alex",of,0.078,"$560,000 "
"Stock, Robert",rhp,0.085,"$559,900 "
"Walker, Christian",1b,0.124,"$559,800 "
"Bieber, Shane",rhp-s,0.097,"$559,600 "
"McKinney, Billy",of,0.101,"$559,400 "
"Smith, Dominic",1b,0.146,"$559,320 "
"Rumbelow, Nick",rhp,0.149,"$559,300 "
"Alcantara, Victor",rhp,0.107,"$559,100 "
"Armstrong, Shawn",rhp,1.028,"$559,100 "
"Hudson, Dakota",rhp,0.066,"$559,100 "
"Stevenson, Andrew",lf ,0.158,"$559,100 "
"Banuelos, Manny",lhp,0.146,"$559,000 "
"Burdi, Nick",rhp,1.000,"$559,000 "
"Fry, Paul",lhp,0.096,"$559,000 "
"Quinn, Roman",of,0.088,"$559,000 "
"Yacabonis, Jimmy",rhp,0.078,"$559,000 "
"Jansen, Danny",c,0.050,"$558,700 "
"Greiner, Grayson",c,0.102,"$558,600 "
"Vogelbach, Dan",1b,0.138,"$558,600 "
"Freitas, David",c,0.159,"$558,500 "
"Ruiz, Rio",3b,0.109,"$558,500 "
"Travis, Sam",1b,0.119,"$558,500 "
"Diaz, Yandy",3b,0.122,"$558,400 "
"Wahl, Bobby",rhp,1.040,"$558,400 "
"Duggar, Steven",of,0.085,"$558,125 "
"De Leon, Jose",rhp,1.030,"$558,000 "
"Farrell, Luke",rhp-s,0.095,"$558,000 "
"Mendez, Yohander",lhp,0.103,"$558,000 "
"Wynns, Austin",c,0.102,"$558,000 "
"Robles, Victor",of,0.052,"$557,800 "
"O'Hearn, Ryan",1b,0.062,"$557,650 "
"Blandino, Alex",2b-ss,1.000,"$557,500 "
"Castillo, Luis",rhp-s,1.101,"$557,500 "
"Cole, Taylor",rhp,0.086,"$557,500 "
"Farmer, Kyle",c,0.129,"$557,500 "
"Laureano, Ramon",cf,0.059,"$557,500 "
"Martini, Nick",1b,0.082,"$557,500 "
"Mullins, Cedric",of,0.052,"$557,500 "
"Newman, Kevin",2b,0.046,"$557,500 "
"Reed, Michael",rf,0.076,"$557,500 "
"Smith, Drew",rhp,0.090,"$557,500 "
"Tellez, Rowdy",1b,0.027,"$557,500 "
"Trivino, Lou",rhp,0.163,"$557,500 "
"Wendelken, J.B.",rhp,0.108,"$557,500 "
"Meadows, Austin",rf,0.074,"$557,400 "
"Buttrey, Ty",rhp,0.046,"$557,250 "
"Tarpley, Stephen",lhp,0.030,"$557,250 "
"Wingenter, Trey",rhp,0.057,"$557,200 "
"Gallagher, Cam",c,0.106,"$557,125 "
"Araujo, Pedro",rhp,1.000,"$557,000 "
"Brewer, Colten",rhp,0.064,"$557,000 "
"Hampson, Garrett",2b-ss,0.051,"$557,000 "
"Johnson, D.J.",rhp,0.028,"$557,000 "
"Musgrave, Harrison",lhp,0.148,"$557,000 "
"Springs, Jeffrey",lhp,0.062,"$557,000 "
"Tauchman, Mike",cf,0.079,"$557,000 "
"Vargas, Ildemaro",ss,0.055,"$557,000 "
"Lopez, Yoan",rhp,0.028,"$556,900 "
"Banda, Anthony",lhp,0.050,"$556,800 "
"Nix, Jacob",rhp,0.052,"$556,800 "
"Perez, Michael",c,0.067,"$556,700 "
"Beeks, Jalen",lhp,0.070,"$556,500 "
"Davis, Jonathan",cf,0.027,"$556,500 "
"Hermosillo, Michael",of,0.058,"$556,500 "
"Smith, Caleb",lhp-s,1.078,"$556,500 "
"Zagunis, Mark",of,0.044,"$556,500 "
"Stewart, Christin",lf,0.022,"$556,400 "
"Mejia, Francisco",c,0.062,"$556,300 "
"Nido, Tomas",c,0.095,"$556,300 "
"Turnbull, Spencer",rhp-s,0.020,"$556,100 "
"Burr, Ryan",rhp,0.040,"$556,000 "
"Hamilton, Ian",rhp,0.031,"$556,000 "
"Kennedy, Brett",rhp,0.055,"$556,000 "
"Guillorme, Luis",inf,0.065,"$555,960 "
"Edwards, Jon",rhp,1.141,"$555,900 "
"Festa, Matt",rhp,0.024,"$555,500 "
"Means, John",lhp,0.007,"$555,500 "
"Oaks, Trevor",rhp-s,0.016,"$555,350 "
"Bautista, Gerson",rhp,0.018,"$555,200 "
"Peterson, Dustin",of,0.003,"$555,100 "
"Williams, Justin",of,0.002,"$555,100 "
"Alcantara, Sandy",rhp-s,0.100,"$555,000 "
"Alonso, Pete",1b,0.000,"$555,000 "
"Anderson, Nick",rhp,0.000,"$555,000 "
"Bergen, Travis",lhp,0.000,"$555,000 "
"Bird, Kyle",lhp,0.000,"$555,000 "
"Brice, Austin",rhp,1.101,"$555,000 "
"Cooper, Garrett",rf-1b,1.053,"$555,000 "
"Cordell, Ryan",of,0.028,"$555,000 "
"Dowdy, Kyle",rhp,0.000,"$555,000 "
"Ellis, Chris",rhp,0.000,"$555,000 "
"Fernandez, Julian",rhp,1.000,"$555,000 "
"Ferrell, Riley",rhp,0.000,"$555,000 "
"Frarae, Caleb",lhp,0.030,"$555,000 "
"Garrett, Reed",rhp,0.000,"$555,000 "
"Harper, Ryne",rhp,0.000,"$555,000 "
"Heineman, Scott",rf,0.000,"$555,000 "
"Heller, Ben",rhp,1.096,"$555,000 "
"Hicks, Jordan",rhp,1.000,"$555,000 "
"Jackson, Drew",ss,0.000,"$555,000 "
"Joe, Connor",1b,0.000,"$555,000 "
"Kinley, Tyler",rhp,0.061,"$555,000 "
"Kopech, Michael",rhp,0.041,"$555,000 "
"Lopez, Pablo",rhp-s,0.093,"$555,000 "
"Luciano, Elvis",rhp,0.000,"$555,000 "
"Martin, Richie",ss,0.000,"$555,000 "
"Noll, Jake",2b-3b,0.000,"$555,000 "
"Paddack, Chris",rhp-s,0.000,"$555,000 "
"Peterson, Tim",rhp,0.094,"$555,000 "
"Schwindel, Frank",1b,0.000,"$555,000 "
"Stamets, Eric",ss,0.000,"$555,000 "
"Tatis Jr., Fernando ",ss,0.000,"$555,000 "
"Thornton, Trent",rhp-s,0.000,"$555,000 "
"Wallach, Chad",c,0.090,"$555,000 "
"Zimmer, Kyle",rhp,0.000,"$555,000 "